"Index","Name","Result"
"1","004fb1dc2620386d6c1a8ef970a486e9","valid"
"2","00d806e934eee66152b34fbbde879fa6","valid"
"3","01ac59794106da1524d4d96b5aedf471","valid"
"4","01c563690ffd0edafc249ecc77a1c9d8","valid"
"5","02d82dda8f2750b305b9c0976d559aaf","valid"
"6","035f2018889ce0d07f9f51c796b621a8","valid"
"7","039e645a7b120f135829b66ab0fe1168","valid"
"8","05a55983f17e35b0bd96e4c2a6e41fb1","valid"
"9","06fc0104ae06c5642f01921c8f2551d4","valid"
"10","07902bcec912c2211d1da3e48250770f","valid"
"11","07f973763d6669f5c54c425281674665","valid"
"12","0853bd493a6d3ff4a703492cabe06897","valid"
"13","087e9b873042f93a5b0454fb387456aa","valid"
"14","0977710a63aabe53588e0d748195152c","valid"
"15","09c74b48746d4485773e5ad2c574b7e3","valid"
"16","0ae8b984348b087ff19ef9d7a0da7f48","valid"
"17","0b56d5f0e8b9a40a5763a98ca487242a","valid"
"18","0d2f54b8a7d8f66476c340e1d0e9db40","valid"
"19","0d42f972e3863579b7e433f17353f5e4","valid"
"20","0dd1e531ff257340e037a25097254aef","valid"
"21","0e99a36e7339652aa27d9465c8fdc3a2","valid"
"22","0f087ab12f9c986e06200ed5ba9d3bb0","valid"
"23","0f8ee4ab3a5017e69a41ee5be221214a","valid"
"24","0fa1ae49f32c68c2973a19f85668e35c","valid"
"25","0fc9392a25646d53386bea7ac2f367d8","valid"
"26","100f49226c2388dd067a9bbe7485d1fb","valid"
"27","101d053b0094b3f6f20d311c00e6f09c","valid"
"28","10a79e9c2148f359ba6b2accdacf37ec","valid"
"29","1374f077f74fda35514dd75da36130da","valid"
"30","14b7062400764200af54e9f3506cc1d8","valid"
"31","14e9328700435020210da81037259798","valid"
"32","157d0d31e7dfe854160148284b5298d8","valid"
"33","16632285ebcc1d28c4b6f9c8eb94621e","valid"
"34","16912bab54f0bdb722f243096b9990f1","valid"
"35","16fbb95d35e405bfdb2551c3778a549e","valid"
"36","175ee32d042c2f1e958100d13442410b","valid"
"37","17cdd05fa8763b7869ec594ce80e8df9","valid"
"38","18a95acf9cb471c3d24cabdf50d3f2b7","valid"
"39","190349afef1c584473717f402fc099ec","valid"
"40","1bf71e4576dde0f8e2c8c07cc7049af3","valid"
"41","1c0d56a9f235820339b20b5fead169b2","valid"
"42","1c21f2ea07bce442f55a84999687bb96","valid"
"43","1dc520a66d4b83b02d1abc207e8e23f5","valid"
"44","1dee780fb11e5dfdaacd3f0c5c908c4f","valid"
"45","21081c6ff43ae43c08f750ea20280713","valid"
"46","214e58b2ca107d11c6c0d6b7a28312ab","valid"
"47","2181d9c83a4095edd990d90031ae94d9","valid"
"48","21c4cc550f1c97569a2e102fd691ea0c","valid"
"49","21eec2ded28ca4bcb10672765a1fdc97","valid"
"50","2227628d221a7e164745308640c3ec65","valid"
"51","22fccd4cfaa3bee27b30f7e816734b53","valid"
"52","235fe01a3a61b7c3d2f816a343c82aed","valid"
"53","2387aa05b84b680bb51b0cfb3d60f05b","valid"
"54","23edc89712effcd118c2271f730d6a51","valid"
"55","243b887d1cc72ba0789483d2616d2b5b","valid"
"56","259156a81c4bd8f5ca3404b2fef02c3e","valid"
"57","271a4e46b2ac491dd0e938c627742419","valid"
"58","274b8493cb6ff94bb0aad1c8d833ef2e","valid"
"59","2785abefe93fd6a969d5f5a2f7e283c2","valid"
"60","2892b81283ad9c0e8c7be7e0626dc89a","valid"
"61","2ab55433c4beddae5a3bc9c2a639d7d2","valid"
"62","2b43aea0be0a8808064d4b867d163d5a","valid"
"63","2c05d9da78f73acf70b71e0cff5abdb3","valid"
"64","2c2416675787624bd0fe0fc4a5e2a816","valid"
"65","2ca9023a22c16cca9527d65162134b6c","valid"
"66","2ccfc40d9538ce0e41932ebbab56f54e","valid"
"67","2f15e4b4a1af8c336cb8f6bc7d4d3077","valid"
"68","2fc6ce741696928e30e67dbd23f6240a","valid"
"69","3019afd2094c2946a2636dbe75f6cd2d","valid"
"70","30221edb3cbc493c7d078375fffbd7cf","valid"
"71","3036630fb4014935c76533ed8db146d1","valid"
"72","329508bde7e5b6490df8ec8b2ea91a77","valid"
"73","333e3ce4c9ba2cc4ce4becbaa1a775ad","valid"
"74","337690d835c5e507923566e9fa094048","valid"
"75","34349a4a4183e369d2901d5230f1a6df","valid"
"76","349df1e56670ca1c70727509b4ff427b","valid"
"77","34bc10427e137ff53eb1037b68325692","valid"
"78","3515de123d6bf762d48081ca1f51596f","valid"
"79","359e2f26732dc4c4917f83e51ab0b1ee","valid"
"80","35a4cce89bcb813386f34fbe13f4880e","valid"
"81","366b20291453e71d5d56fe08ef012fd2","valid"
"82","37f7457b33eda31dd5b7ae5be68ad257","valid"
"83","38b0f77fb7d2b0718acd7a992d5a0cb2","valid"
"84","38f98275bfb42bc138ba17b73dbcc44e","valid"
"85","3949847e35dfe1af9bb4529ee9c53a33","valid"
"86","398df4dad14d5ec830c7c4e645610375","valid"
"87","3c13c79a62e711811951965f4cfb3369","valid"
"88","3c4e8a00fcaae5015bc5fa1ce10ad263","valid"
"89","3cc6cc1354c3c2d01cb6e638c671e802","valid"
"90","3d0d3d8ab486f5312a44947127630a7e","valid"
"91","3d5b6c3a3af088572fbbc6b77cbc4739","valid"
"92","3e18ae0aefce94e69f19b16a27013df5","valid"
"93","3e9b4f55134a50bd08ea14a7a057fc93","valid"
"94","3f87dd4d67fbc3d426dc3f6530c235f9","valid"
"95","3fad375a96cce6f59eba61772e40ac3a","valid"
"96","3fb6ef148a07919012bebf7bebfabe7e","valid"
"97","3fef5d49e63459083e427835e2de9311","valid"
"98","40a29f7aab0b55f7bc2ea51d2b15eb36","valid"
"99","41534a52301d781428bd68fc7d1760d9","valid"
"100","43d307b43168d347745ecf8578e8aeea","valid"
"101","43df228efe5bdb252f1e808dc3e355cd","valid"
"102","44d9357676b23948a73741a5250f2d91","valid"
"103","495e15b91a46fc465cedb59fe1f30a50","valid"
"104","49a6ee5be6759b4fc872dc9da9bf4cb6","valid"
"105","4a41b0d892f08b16aa5e68ee9541abb4","valid"
"106","4a6a9e9fa95c601745cb33f06f7bf97a","valid"
"107","4aa2395748255f7d3549e27c60d15531","valid"
"108","4b280b5dc3efd82cd4538ec8f5638784","valid"
"109","4c3847ceeb3c5cdde9bf7795bf0aeebe","valid"
"110","4c89b4cce0c93e2d6edc6ec818b39e0f","valid"
"111","4cfc245d0028828c0dba7b4c92c97f95","valid"
"112","4ee32284e4d2b7accfaf28637d569bb3","valid"
"113","4f410632f9ac4ee0c95be952eb405ccc","valid"
"114","507cb233e9bfd88c38e15fd313c078b2","valid"
"115","50b73b5edf92deb4d362881b87479230","valid"
"116","51df1aec7cf187cd7fb8e85c23555736","valid"
"117","52ecbc7debdf6661120f4f2949a15555","valid"
"118","533115594ff41dc04da443ab5151a36c","valid"
"119","541d593daa1a55ba2fa992015f5cfb2e","valid"
"120","544e9826b126f2ed3cc3e9a7e51ab6c7","valid"
"121","544fc0c97554e9614f6b0af7b9808193","valid"
"122","550cbb84f6a7778376b5c02d10728808","valid"
"123","55537e6f59bdd0a8e6e4723447ea23a7","valid"
"124","56072be0f4fd650eee04a355a5db0ce4","valid"
"125","56ae1c5dc8995dde50f383aad88beaf4","valid"
"126","5785060a024a0179d716c70a02f53ed3","valid"
"127","58c4c50ec5676c00080433ac11a6d751","valid"
"128","59bc28b51eb85d5f3386029738fcab1a","valid"
"129","5aeaaadbe1245ce0c7a4b9a1a03f9ef8","valid"
"130","5b23ae8f2ac54b84acb636db80bd08e5","valid"
"131","5b38e93016b2f9121f6396bed8a98709","valid"
"132","5bf449b90106a647fca2589233802685","valid"
"133","5c6170ea7dc56da3e8c260a5a9498aef","valid"
"134","5d4bda6c8715fda47638f7853116e216","valid"
"135","5e1640f4553607d0db72df448082c6be","valid"
"136","5e44430badfec1630be970d9be0ac9a2","valid"
"137","5eab0a90b7257e43d19dc2047ffa3dd3","valid"
"138","5eb8378f1430c5d6d2ca95ac4511a5a5","valid"
"139","5ee0c582f7b50fe00abf8120f65d2f97","valid"
"140","5f1d010a5d3761962827f0853c1b0556","valid"
"141","5f359bb2d594e3e2af1518baf878ce69","valid"
"142","5f8df5306a0b2f37aef04bc3f5f632a0","valid"
"143","5fd72c60eb560c4b12d7ca7acf957e6f","valid"
"144","600b1ef719a47218ad3535ba1a69164b","valid"
"145","60882b06ae402e0d7abaf55f3833bc88","valid"
"146","6108a251a3dbf42895fd43f97ffa1ed8","valid"
"147","6115ddaa991c5003cf9e531d4f4df4a4","valid"
"148","620401c4a2095ffaa9a2dbd28ba8d336","valid"
"149","62707d7de7c6334d868870250caf7b6a","valid"
"150","628674ba534d460dc8a551793b07b3ae","valid"
"151","62a8526fa690ba079aa3a576ceaa0aaa","valid"
"152","630a9b69e8d9ccabb97458b7fd5ae240","valid"
"153","65710935c120cedfe7000fe30a67f25b","valid"
"154","66d5c711c21a67f371b8bf95450c4cd9","valid"
"155","67165204eb3d337617dbf08864794d25","valid"
"156","672aa0532feb4e41abed3298d60992d9","valid"
"157","6819bfc4148a6889117e1b289d4faecb","valid"
"158","6823d4bfa6b3fc9a8b3c73fa64be83cb","valid"
"159","698486761f25eff27d2c79228ffba849","valid"
"160","69dda0da45e59dd82a442e9792474bef","valid"
"161","6a3e52e4fcb6c7ac808c0d60f9589f45","valid"
"162","6a4d5aeed959e706e0e574f15af38ddf","valid"
"163","6b7613e0a23f20ac9bff857d82eb30ca","valid"
"164","6babe7699c77a5ad2f760298d6a6d6e4","valid"
"165","6c1b81c456dc07a65649a36b49192ea3","valid"
"166","6c8ca9ff64a7e860a46677fd5ee4d131","valid"
"167","6d51fc16070695efab72668bd89e53dc","valid"
"168","6da1d82f855d65bff5a2ee562f05bf77","valid"
"169","6dbcba4a0b898ea3bada0a51a9d006d3","valid"
"170","6f96dbb43e57620a358f109a8cf80b09","valid"
"171","6fb403d6d4e1cca7e9fe9290aead8182","valid"
"172","6fc21a98eb1fc1c84bd9f5d242f3e5b1","valid"
"173","7099b989ea0b1145d948df0af302d0f1","valid"
"174","715bf6ab17e94ce1958ff6dfb1e51e34","valid"
"175","71818433d21020118113f578264fdc8f","valid"
"176","7298b92a63a0b823704ed5b40c2aed1a","valid"
"177","733ec5d2a93d0baec8f020cbe736e43d","valid"
"178","736c75b2cba6d98313c66baefb4c47c4","valid"
"179","749356832d0173e14456f5b682f2d8c4","valid"
"180","766699e949bb7854f18df4e148681a9c","valid"
"181","770cd9273a327294dff72e3f48b1663a","valid"
"182","7738b915274555e3376b2f4d76b867b2","valid"
"183","77991a0305285339ea879fba06ef6c31","valid"
"184","77cc7a93ae99a35642722535180bfc0e","valid"
"185","782757cc796e7130ed8800270b70a762","valid"
"186","7898e37b0411dbd23b3d47803fcb5f24","valid"
"187","78d9aad3e3f246801b50fb476bb6f3c4","valid"
"188","7997f5928ea7b2af3aba81a59468acc9","valid"
"189","7a164356298bd998a290d09c7ae87ca1","valid"
"190","7b2a36da1c9118654333ac64e9ad7f00","valid"
"191","7d2ee7bb33d2f59951af5ff8f6a0b0b8","valid"
"192","7e44b4fdfc68b980ebc21322f3caffd4","valid"
"193","7ea6a2c309f48d64282b6249a12a55fc","valid"
"194","7fa788e0bf8b833c7d7bc527dd502bf4","valid"
"195","80d01e9b23df3e6dab6ed739549dcbda","valid"
"196","81674dfe472e1b71fea0115ae14c4163","valid"
"197","8240dc8d2ea512f1ea7756688a57f513","valid"
"198","8283e2cb7e47379bf537bc26e963d22b","valid"
"199","83856cbb80780fe9b47b45d1de7223ed","valid"
"200","839c25c58e991207d5b75a67fa2329fb","valid"
"201","8409ed15a9e5635793887cd48414db7b","valid"
"202","858c6f298cffbdafe92803ba6566dfa9","valid"
"203","863fd0d0543b6556a236f765d3d94ea2","valid"
"204","86645790fe4551c096985cab22d439dc","valid"
"205","871a7f2b54db8ec6b7f7ccf770cbed5e","valid"
"206","88294dd18a008617f5aa4223f8ff0847","valid"
"207","885ba03a51de2c40e7508553b87b71dc","valid"
"208","8b818bb41e01004eb523f44de6704c5a","valid"
"209","8ca6c00422a0f18945525c93bd338b05","valid"
"210","8cecd953ff5ee676117e418b5919bff1","valid"
"211","8d9af2feb075d4d4ee33e30b762fd653","valid"
"212","8e49c5f522b5b8625b8bb9905063f166","valid"
"213","8eefaf7d971924108a69689b962d4743","valid"
"214","8f6ced885ecb3ae5a0946d264b178dc9","valid"
"215","912e76f8e61afd80f52436f96640134a","valid"
"216","91d3d8c107eacc978cafd03faf9b63ce","valid"
"217","9211de2ffb95441dfcca39296eec1e68","valid"
"218","92fca8f6fa0845090ff2f2040787b45b","valid"
"219","937f7b52c376da87bb66d46ccadde441","valid"
"220","95584abd5fead38cc2139bf4b399015d","valid"
"221","9565655ae773c13eb67d8c889f7aca65","valid"
"222","95e28031b0e2f72d05615450ad3a6331","valid"
"223","95f2745b88bf871f68d7385321a24b4c","valid"
"224","96479c119cb5503532f290be4f81e7ec","valid"
"225","968844ee13a010cb396dc616b9a0217d","valid"
"226","96ad7508302206d37e6416afe87f6224","valid"
"227","97679d870dc2c0eceaa496ba811aae91","valid"
"228","97f39a6a00db23143187dad1c4c2f3b9","valid"
"229","98afdb116f852d7cb718951216286576","valid"
"230","98c6d5ff7603142f49eac4306c82ddaa","valid"
"231","99b7611e5179aaa94c7c2a1f8e67e4f4","valid"
"232","9a3881d00a75a519099a41def89cbf0f","valid"
"233","9b1334943da5c4b19b72ce3297111926","valid"
"234","9b90ad866bfea7a40b481bb37a9ca634","valid"
"235","9c475f377ae2a2614b6fde16d3a81c24","valid"
"236","9cbc0386e7d540b0c186ee6a8cb38e99","valid"
"237","9d7f826626b6618e85c59a4f9faeb758","valid"
"238","9efd67c201e3da4e25d2261040d12836","valid"
"239","9f3f1491fcff92ab986b1c9781dfe69b","valid"
"240","a0008befc45056eb88401933e6e61b43","valid"
"241","a09b94e47807b124accbea3b222cf461","valid"
"242","a0b13909377c13fa494b92e21ee6129f","valid"
"243","a151ff1ba061c0afb0e5dc4399313b87","valid"
"244","a23c97721b9cd2d427f7af9bbdcd3f55","valid"
"245","a486af36de69b516792c906356f5f7ca","valid"
"246","a4bac9206b52caec6f0c709a1ab3344f","valid"
"247","a547fd012e2b08854b7e5a8d0cce89e0","valid"
"248","a6d1cfeaf74b715130806c390a60815b","valid"
"249","a7587481a4123b7ef8e29fb18f74cf7f","valid"
"250","a79c8efacb3f9bd0ca472c5a19497f5e","valid"
"251","ab60e46fe2697a54ca124d85cb17cf66","valid"
"252","ac02aa6d569ec5f77215d73b77af7c6c","valid"
"253","ad4126ed706cd86b549584790bfe0816","valid"
"254","af1fc3379bf48f82a181de007c471cb1","valid"
"255","b0540663400ddc6faf3cbb4e2f3ee68c","valid"
"256","b06082bb9568be7e18d648413a78b8fe","valid"
"257","b06f0f5830c7479fa6f1c43b99870684","valid"
"258","b074e7396747a54b4b328f3b5848b48b","valid"
"259","b1b23ac6f394c3d8c4a862d4b7d69683","valid"
"260","b220ed3ba7ced6685be21073fb86173a","valid"
"261","b30ef9b708eb98835b5b1b88f199e8b9","valid"
"262","b3162d06d2708e9ba08c7a36038b92ef","valid"
"263","b32b7e12e23aa6deb79b02009cbeccec","valid"
"264","b32e3cc0119189882cef77fc2a2f7fe5","valid"
"265","b41a8317d5d567d9b21af614941f343f","valid"
"266","b4af8212a2b2472c7e7493ebcd3be4a7","valid"
"267","b4d582c00a864db0825cdf3ee686d066","valid"
"268","b4f4da39c23a12554c28ee15548352dd","valid"
"269","b5078c61c3dfe0b539802cffd1269ceb","valid"
"270","b5e619ae93337eaa9de47ac70988c0df","valid"
"271","b6f63535b0bee1f3993dc298b17fadae","valid"
"272","b7f62a1adcb29f97bb1b9f51627236a0","valid"
"273","b8463efb009b8f6e408e7c68e6716b48","valid"
"274","b921a84d3586bd3d8dc5d9aefac9ad51","valid"
"275","b97ece05fb515b11fc18878197b368c2","valid"
"276","ba7d467998b22db262572ec4097e79e4","valid"
"277","bb408f6288017b9bfd314ec515fc7cc3","valid"
"278","bbe133be6edd21cb8adcc405f8633221","valid"
"279","bc37b763a94860e6ce3eee04a1742abc","valid"
"280","bd22796110c645b468d932732222d8c7","valid"
"281","be9ab8e5f3896a8d43f9cf4d3f8256c3","valid"
"282","bffe02a3de2e218f03d2fe68541543a4","valid"
"283","c0307f2ccf20b1642a702bdc26364d6f","valid"
"284","c09220e548a82a0ef46ad3c26d3a6834","valid"
"285","c1eb8943ba640dfc83f0b5b81f0fd2fa","valid"
"286","c39ae16132530a3c5ae2b19ffb05a3b5","valid"
"287","c42ff572fbe718aa226dd5a9fbc373f1","valid"
"288","c45866f23ea48e53853e2fd45813a2af","valid"
"289","c50ff82b28ff5bced2351de3d256cf55","valid"
"290","c615fd8f86d2699e24ca07d86252dd86","valid"
"291","c6c225d33ea8f6c051f06d2a21c630fb","valid"
"292","c792550ae437d915cbbad08bf565fa57","valid"
"293","c7deca08f19a9e38448d587361444bc9","valid"
"294","c90402515922854c533f101126f1da06","valid"
"295","ca7725223ab9169a00c62ce49edf0f66","valid"
"296","cb07de1a13d05405c2be4252f986d778","valid"
"297","cb7a17827862d8f04eb89d6328d10e12","valid"
"298","cc2cc10f778ed60d8c086f8b34136b75","valid"
"299","ccbe24fe55c81109337d28f3dbcb8a3f","valid"
"300","cdc3a96e5521387dd62f7f7eb2bf0363","valid"
"301","cdf1d542d5cf4ef33d38419387b3a5d7","valid"
"302","cf7591b2286774987359fe2813eb0461","valid"
"303","cfa7b1d9b061d225271645bfdc34ed6d","valid"
"304","d0a3d42ff36aa154e25a6e0d8890811c","valid"
"305","d176f6015a0b9ff678884b0195733cd5","valid"
"306","d1fb0d9e98191670b0532ca4d5ad9840","valid"
"307","d207c96cff31437d5d09bca3386638bc","valid"
"308","d2b588c682a771d3a2400ba1729ea4fc","valid"
"309","d3aa7507f74e129d5cbb4132063e9ad9","valid"
"310","d605f7d5392916b976a1f21d38b5b7d1","valid"
"311","d651c3873db72184fe26ad13fc387e34","valid"
"312","d65a18cfc601801759711997aac3e3eb","valid"
"313","d7bb587c84a90377cd3b3ba377bc449d","valid"
"314","d970cf93f2056f06a04f9397ec1f8890","valid"
"315","dbb8d164ce59c24ee3ee399ccec72126","valid"
"316","dbd6708dc8b3b53d5411dcf1994be5e7","valid"
"317","dc0add8d29c903d17f0865f7a3a79bd7","valid"
"318","dc4f3137206dfc060b5cfcc85445550c","valid"
"319","dca097f80938d4d637cb7d01d029728c","valid"
"320","dcbdefa775abbbdd33733c6d76802ce4","valid"
"321","dda0e3a8071821b25e8aea1e5152adcb","valid"
"322","ddcd791ca5d89fa268de4b5aa7d6413d","valid"
"323","de74db72afbe5dce6e541d2fe96a501c","valid"
"324","de8783bb90206e4970c84fabefe7ee20","valid"
"325","df49e67248e76a91ca6abd8ef0d83580","valid"
"326","df4de0bd80df13610b8807017f07fc16","valid"
"327","df4fba0a3470a24654c881c054fc88d4","valid"
"328","dfbc377ba8520f5b7c9823c01d629591","valid"
"329","dfd50e33b04699595839d798305ce865","valid"
"330","e12e0de31dbb7cda0abfcf7628edb7bc","valid"
"331","e2633ef500978fa3d6cd25f22df55e3a","valid"
"332","e2a7a6c9305c295aeddaa5a2e4a890bf","valid"
"333","e30f4e4cf9b58365adfce94a561f9c2f","valid"
"334","e396d39daec048518ef963819552b47b","valid"
"335","e3a4e69a135af5549e99b87186bd8a58","valid"
"336","e419d271fb78366b49d5de6edc9a9843","valid"
"337","e52757a7fac119c994ef03f570962e3c","valid"
"338","e6401857515ecfaa34ba6ceecf35b0c1","valid"
"339","e7961249fe86dc9a3710368f11004945","valid"
"340","e7ca0fe5e92bd88cfd657a040ae66e19","valid"
"341","ea3388ea5b8be72f31af188419431283","valid"
"342","ea694e5107d096a6637712a86b95eb29","valid"
"343","ea75a9645de0ec5bcb3f5ee606c6a630","valid"
"344","ea801ce81deff489f210bbae04d491a0","valid"
"345","ec9bbf983f5e580306627a73fa4ca5dc","valid"
"346","ed2be61dccda589647a7b567f727b89c","valid"
"347","edb298257c5acc2b7cafee87001959e3","valid"
"348","eddf3f7f8943e68ecbbdc51b63561802","valid"
"349","ee722053a0cce8a5c548413b732b8031","valid"
"350","eea72bf060a1f00bcdf160bb786a46c7","valid"
"351","eeb8d3f6a9ba28b17a4b0fd94a2ae9f5","valid"
"352","ef133833b1d819db7d39f40c6bd10f79","valid"
"353","f056abc4ecaa5b3ca518e3ef5a749cbb","valid"
"354","f08b6e043044a4207916f4021c4f7341","valid"
"355","f17845b06c4ff2894ec646fdea840759","valid"
"356","f1f87735d9bce2dcf649c44548ec14a2","valid"
"357","f2b2675d5ce6602a355ba366497f9c3e","valid"
"358","f37a3633454cfa1715ef40fab87ec9e4","valid"
"359","f4e4cb4dd8add96c5401ba1bf618553a","valid"
"360","f5b266a09b29fd97afd42466eb8f2714","valid"
"361","f66741f557a8c4a2dbbd87fcb5fa3850","valid"
"362","f7f99b2f0e81bd0e4b5590be88695094","valid"
"363","f8113723ca8d939e2744fed13ee1fd74","valid"
"364","f89345c79768727117b14025465f895e","valid"
"365","f9389296d3f83544b32fad1074800ec6","valid"
"366","f94b1f0ce04e952c2cce67a0d7acbff3","valid"
"367","f96cc10151e748adae68c01a5545d241","valid"
"368","f9d70e60ab6650e11cee483f20c1256e","valid"
"369","fa09d276d7cb3ad7e7b92ea0d387aeec","valid"
"370","fa2cfcf8587baf6879275d49e3d8d4a3","valid"
"371","facee15250a6009e8999202f7ec3b5b6","valid"
"372","fb1fd20a23a3e1dadca31db555b8659f","valid"
"373","fb34d918be5f9a6baf121e71276fe133","valid"
"374","fb43ea588dc80e46628182fe3b6eca9b","valid"
"375","fc6ed4fbace0a892fb6617431f52d8da","valid"
"376","fcf9feb43e98d665edc09316d1edf4c2","valid"
"377","fd6c1f822147f198f47d9c29259405d7","valid"
"378","fde2cac273c95159ebfc4c0c2253e513","valid"
"379","fe928f1521c1f0fb686224bdb6b010c8","valid"
"380","ff35237a4bbb510d6f6dd4c365fe1690","valid"
"381","ffbbaabadaf6c225157f0ba99063acfa","valid"
